"RHSAID","CreatedDate","UpdatedDate","PackagesImpacted","FixedDate"
"RHSA-2026:2042","05-02-2026","05-02-2026","brotli-1.0.9-9.el9_7.x86_64; brotli-debuginfo-1.0.9-9.el9_7.x86_64; brotli-debugsource-1.0.9-9.el9_7.x86_64; brotli-devel-1.0.9-9.el9_7.x86_64; libbrotli-1.0.9-9.el9_7.x86_64; libbrotli-debuginfo-1.0.9-9.el9_7.x86_64; python3-brotli-1.0.9-9.el9_7.x86_64; python3-brotli-debuginfo-1.0.9-9.el9_7.x86_64","05-02-2026"
"RHSA-2026:1350","27-01-2026","27-01-2026","curl-7.76.1-35.el9_7.3.x86_64; curl-debuginfo-7.76.1-35.el9_7.3.x86_64; curl-debugsource-7.76.1-35.el9_7.3.x86_64; curl-minimal-7.76.1-35.el9_7.3.x86_64; curl-minimal-debuginfo-7.76.1-35.el9_7.3.x86_64; libcurl-7.76.1-35.el9_7.3.x86_64; libcurl-debuginfo-7.76.1-35.el9_7.3.x86_64; libcurl-devel-7.76.1-35.el9_7.3.x86_64; libcurl-minimal-7.76.1-35.el9_7.3.x86_64; libcurl-minimal-debuginfo-7.76.1-35.el9_7.3.x86_64","27-01-2026"
"RHSA-2026:0936","21-01-2026","21-01-2026","glib2-2.68.4-18.el9_7.1.x86_64; glib2-debuginfo-2.68.4-18.el9_7.1.x86_64; glib2-debugsource-2.68.4-18.el9_7.1.x86_64; glib2-devel-2.68.4-18.el9_7.1.x86_64; glib2-devel-debuginfo-2.68.4-18.el9_7.1.x86_64; glib2-doc-2.68.4-18.el9_7.1.noarch; glib2-static-2.68.4-18.el9_7.1.x86_64; glib2-tests-2.68.4-18.el9_7.1.x86_64; glib2-tests-debuginfo-2.68.4-18.el9_7.1.x86_64","21-01-2026"
"RHSA-2026:2786","17-02-2026","17-02-2026","glibc-2.34-231.el9_7.10.x86_64; glibc32-debuginfo-2.34-231.el9_7.10.x86_64; glibc-all-langpacks-2.34-231.el9_7.10.x86_64; glibc-benchtests-2.34-231.el9_7.10.x86_64; glibc-benchtests-debuginfo-2.34-231.el9_7.10.x86_64; glibc-common-2.34-231.el9_7.10.x86_64; glibc-common-debuginfo-2.34-231.el9_7.10.x86_64; glibc-debuginfo-2.34-231.el9_7.10.x86_64; glibc-debugsource-2.34-231.el9_7.10.x86_64; glibc-devel-2.34-231.el9_7.10.x86_64; glibc-doc-2.34-231.el9_7.10.noarch; glibc-gconv-extra-2.34-231.el9_7.10.x86_64; glibc-gconv-extra-debuginfo-2.34-231.el9_7.10.x86_64; glibc-headers-2.34-231.el9_7.10.x86_64; glibc-langpack-aa-2.34-231.el9_7.10.x86_64; glibc-langpack-af-2.34-231.el9_7.10.x86_64; glibc-langpack-agr-2.34-231.el9_7.10.x86_64; glibc-langpack-ak-2.34-231.el9_7.10.x86_64; glibc-langpack-am-2.34-231.el9_7.10.x86_64; glibc-langpack-an-2.34-231.el9_7.10.x86_64; glibc-langpack-anp-2.34-231.el9_7.10.x86_64; glibc-langpack-ar-2.34-231.el9_7.10.x86_64; glibc-langpack-as-2.34-231.el9_7.10.x86_64; glibc-langpack-ast-2.34-231.el9_7.10.x86_64; glibc-langpack-ayc-2.34-231.el9_7.10.x86_64; glibc-langpack-az-2.34-231.el9_7.10.x86_64; glibc-langpack-be-2.34-231.el9_7.10.x86_64; glibc-langpack-bem-2.34-231.el9_7.10.x86_64; glibc-langpack-ber-2.34-231.el9_7.10.x86_64; glibc-langpack-bg-2.34-231.el9_7.10.x86_64; glibc-langpack-bhb-2.34-231.el9_7.10.x86_64; glibc-langpack-bho-2.34-231.el9_7.10.x86_64; glibc-langpack-bi-2.34-231.el9_7.10.x86_64; glibc-langpack-bn-2.34-231.el9_7.10.x86_64; glibc-langpack-bo-2.34-231.el9_7.10.x86_64; glibc-langpack-br-2.34-231.el9_7.10.x86_64; glibc-langpack-brx-2.34-231.el9_7.10.x86_64; glibc-langpack-bs-2.34-231.el9_7.10.x86_64; glibc-langpack-byn-2.34-231.el9_7.10.x86_64; glibc-langpack-ca-2.34-231.el9_7.10.x86_64; glibc-langpack-ce-2.34-231.el9_7.10.x86_64; glibc-langpack-chr-2.34-231.el9_7.10.x86_64; glibc-langpack-ckb-2.34-231.el9_7.10.x86_64; glibc-langpack-cmn-2.34-231.el9_7.10.x86_64; glibc-langpack-crh-2.34-231.el9_7.10.x86_64; glibc-langpack-cs-2.34-231.el9_7.10.x86_64; glibc-langpack-csb-2.34-231.el9_7.10.x86_64; glibc-langpack-cv-2.34-231.el9_7.10.x86_64; glibc-langpack-cy-2.34-231.el9_7.10.x86_64; glibc-langpack-da-2.34-231.el9_7.10.x86_64","17-02-2026"
"RHSA-2026:0719","15-01-2026","15-01-2026","gnupg2-2.3.3-5.el9_7.x86_64; gnupg2-debuginfo-2.3.3-5.el9_7.x86_64; gnupg2-debugsource-2.3.3-5.el9_7.x86_64; gnupg2-smime-2.3.3-5.el9_7.x86_64; gnupg2-smime-debuginfo-2.3.3-5.el9_7.x86_64","15-01-2026"
"RHSA-2026:0927","22-01-2026","22-01-2026","java-17-openjdk-17.0.18.0.8-1.el8.x86_64; java-17-openjdk-17.0.18.0.8-1.el9.x86_64; java-17-openjdk-debuginfo-17.0.18.0.8-1.el8.x86_64; java-17-openjdk-debuginfo-17.0.18.0.8-1.el9.x86_64; java-17-openjdk-debugsource-17.0.18.0.8-1.el8.x86_64; java-17-openjdk-debugsource-17.0.18.0.8-1.el9.x86_64; java-17-openjdk-demo-17.0.18.0.8-1.el8.x86_64; java-17-openjdk-demo-17.0.18.0.8-1.el9.x86_64; java-17-openjdk-demo-fastdebug-17.0.18.0.8-1.el8.x86_64; java-17-openjdk-demo-fastdebug-17.0.18.0.8-1.el9.x86_64; java-17-openjdk-demo-slowdebug-17.0.18.0.8-1.el8.x86_64; java-17-openjdk-demo-slowdebug-17.0.18.0.8-1.el9.x86_64; java-17-openjdk-devel-17.0.18.0.8-1.el8.x86_64; java-17-openjdk-devel-17.0.18.0.8-1.el9.x86_64; java-17-openjdk-devel-debuginfo-17.0.18.0.8-1.el8.x86_64; java-17-openjdk-devel-debuginfo-17.0.18.0.8-1.el9.x86_64; java-17-openjdk-devel-fastdebug-17.0.18.0.8-1.el8.x86_64; java-17-openjdk-devel-fastdebug-17.0.18.0.8-1.el9.x86_64; java-17-openjdk-devel-fastdebug-debuginfo-17.0.18.0.8-1.el8.x86_64; java-17-openjdk-devel-fastdebug-debuginfo-17.0.18.0.8-1.el9.x86_64; java-17-openjdk-devel-slowdebug-17.0.18.0.8-1.el8.x86_64; java-17-openjdk-devel-slowdebug-17.0.18.0.8-1.el9.x86_64; java-17-openjdk-devel-slowdebug-debuginfo-17.0.18.0.8-1.el8.x86_64; java-17-openjdk-devel-slowdebug-debuginfo-17.0.18.0.8-1.el9.x86_64; java-17-openjdk-fastdebug-17.0.18.0.8-1.el8.x86_64; java-17-openjdk-fastdebug-17.0.18.0.8-1.el9.x86_64; java-17-openjdk-fastdebug-debuginfo-17.0.18.0.8-1.el8.x86_64; java-17-openjdk-fastdebug-debuginfo-17.0.18.0.8-1.el9.x86_64; java-17-openjdk-headless-17.0.18.0.8-1.el8.x86_64; java-17-openjdk-headless-17.0.18.0.8-1.el9.x86_64; java-17-openjdk-headless-debuginfo-17.0.18.0.8-1.el8.x86_64; java-17-openjdk-headless-debuginfo-17.0.18.0.8-1.el9.x86_64; java-17-openjdk-headless-fastdebug-17.0.18.0.8-1.el8.x86_64; java-17-openjdk-headless-fastdebug-17.0.18.0.8-1.el9.x86_64; java-17-openjdk-headless-fastdebug-debuginfo-17.0.18.0.8-1.el8.x86_64; java-17-openjdk-headless-fastdebug-debuginfo-17.0.18.0.8-1.el9.x86_64; java-17-openjdk-headless-slowdebug-17.0.18.0.8-1.el8.x86_64; java-17-openjdk-headless-slowdebug-17.0.18.0.8-1.el9.x86_64; java-17-openjdk-headless-slowdebug-debuginfo-17.0.18.0.8-1.el8.x86_64; java-17-openjdk-headless-slowdebug-debuginfo-17.0.18.0.8-1.el9.x86_64; java-17-openjdk-javadoc-17.0.18.0.8-1.el8.x86_64; java-17-openjdk-javadoc-17.0.18.0.8-1.el9.x86_64; java-17-openjdk-javadoc-zip-17.0.18.0.8-1.el8.x86_64; java-17-openjdk-javadoc-zip-17.0.18.0.8-1.el9.x86_64; java-17-openjdk-jmods-17.0.18.0.8-1.el8.x86_64; java-17-openjdk-jmods-17.0.18.0.8-1.el9.x86_64; java-17-openjdk-jmods-fastdebug-17.0.18.0.8-1.el8.x86_64; java-17-openjdk-jmods-fastdebug-17.0.18.0.8-1.el9.x86_64; java-17-openjdk-jmods-slowdebug-17.0.18.0.8-1.el8.x86_64; java-17-openjdk-jmods-slowdebug-17.0.18.0.8-1.el9.x86_64","22-01-2026"
"RHSA-2025:18281","20-10-2025","20-10-2025","kernel-5.14.0-570.55.1.el9_6.x86_64; kernel-abi-stablelists-5.14.0-570.55.1.el9_6.noarch; kernel-core-5.14.0-570.55.1.el9_6.x86_64; kernel-cross-headers-5.14.0-570.55.1.el9_6.x86_64; kernel-debug-5.14.0-570.55.1.el9_6.x86_64; kernel-debug-core-5.14.0-570.55.1.el9_6.x86_64; kernel-debug-debuginfo-5.14.0-570.55.1.el9_6.x86_64; kernel-debug-devel-5.14.0-570.55.1.el9_6.x86_64; kernel-debug-devel-matched-5.14.0-570.55.1.el9_6.x86_64; kernel-debuginfo-5.14.0-570.55.1.el9_6.x86_64; kernel-debuginfo-common-x86_64-5.14.0-570.55.1.el9_6.x86_64; kernel-debug-modules-5.14.0-570.55.1.el9_6.x86_64; kernel-debug-modules-core-5.14.0-570.55.1.el9_6.x86_64; kernel-debug-modules-extra-5.14.0-570.55.1.el9_6.x86_64; kernel-debug-uki-virt-5.14.0-570.55.1.el9_6.x86_64; kernel-devel-5.14.0-570.55.1.el9_6.x86_64; kernel-devel-matched-5.14.0-570.55.1.el9_6.x86_64; kernel-doc-5.14.0-570.55.1.el9_6.noarch; kernel-headers-5.14.0-570.55.1.el9_6.x86_64; kernel-modules-5.14.0-570.55.1.el9_6.x86_64; kernel-modules-core-5.14.0-570.55.1.el9_6.x86_64; kernel-modules-extra-5.14.0-570.55.1.el9_6.x86_64; kernel-rt-5.14.0-570.55.1.el9_6.x86_64; kernel-rt-core-5.14.0-570.55.1.el9_6.x86_64; kernel-rt-debug-5.14.0-570.55.1.el9_6.x86_64; kernel-rt-debug-core-5.14.0-570.55.1.el9_6.x86_64; kernel-rt-debug-debuginfo-5.14.0-570.55.1.el9_6.x86_64; kernel-rt-debug-devel-5.14.0-570.55.1.el9_6.x86_64; kernel-rt-debuginfo-5.14.0-570.55.1.el9_6.x86_64; kernel-rt-debug-kvm-5.14.0-570.55.1.el9_6.x86_64; kernel-rt-debug-modules-5.14.0-570.55.1.el9_6.x86_64; kernel-rt-debug-modules-core-5.14.0-570.55.1.el9_6.x86_64; kernel-rt-debug-modules-extra-5.14.0-570.55.1.el9_6.x86_64; kernel-rt-devel-5.14.0-570.55.1.el9_6.x86_64; kernel-rt-kvm-5.14.0-570.55.1.el9_6.x86_64; kernel-rt-modules-5.14.0-570.55.1.el9_6.x86_64; kernel-rt-modules-core-5.14.0-570.55.1.el9_6.x86_64; kernel-rt-modules-extra-5.14.0-570.55.1.el9_6.x86_64; kernel-tools-5.14.0-570.55.1.el9_6.x86_64; kernel-tools-debuginfo-5.14.0-570.55.1.el9_6.x86_64; kernel-tools-libs-5.14.0-570.55.1.el9_6.x86_64; kernel-tools-libs-devel-5.14.0-570.55.1.el9_6.x86_64; kernel-uki-virt-5.14.0-570.55.1.el9_6.x86_64; kernel-uki-virt-addons-5.14.0-570.55.1.el9_6.x86_64; libperf-5.14.0-570.55.1.el9_6.x86_64; libperf-debuginfo-5.14.0-570.55.1.el9_6.x86_64; perf-5.14.0-570.55.1.el9_6.x86_64; perf-debuginfo-5.14.0-570.55.1.el9_6.x86_64; python3-perf-5.14.0-570.55.1.el9_6.x86_64; python3-perf-debuginfo-5.14.0-570.55.1.el9_6.x86_64","20-10-2025"
"RHSA-2025:19105","27-10-2025","27-10-2025","kernel-5.14.0-570.58.1.el9_6.x86_64; kernel-abi-stablelists-5.14.0-570.58.1.el9_6.noarch; kernel-core-5.14.0-570.58.1.el9_6.x86_64; kernel-cross-headers-5.14.0-570.58.1.el9_6.x86_64; kernel-debug-5.14.0-570.58.1.el9_6.x86_64; kernel-debug-core-5.14.0-570.58.1.el9_6.x86_64; kernel-debug-debuginfo-5.14.0-570.58.1.el9_6.x86_64; kernel-debug-devel-5.14.0-570.58.1.el9_6.x86_64; kernel-debug-devel-matched-5.14.0-570.58.1.el9_6.x86_64; kernel-debuginfo-5.14.0-570.58.1.el9_6.x86_64; kernel-debuginfo-common-x86_64-5.14.0-570.58.1.el9_6.x86_64; kernel-debug-modules-5.14.0-570.58.1.el9_6.x86_64; kernel-debug-modules-core-5.14.0-570.58.1.el9_6.x86_64; kernel-debug-modules-extra-5.14.0-570.58.1.el9_6.x86_64; kernel-debug-uki-virt-5.14.0-570.58.1.el9_6.x86_64; kernel-devel-5.14.0-570.58.1.el9_6.x86_64; kernel-devel-matched-5.14.0-570.58.1.el9_6.x86_64; kernel-doc-5.14.0-570.58.1.el9_6.noarch; kernel-headers-5.14.0-570.58.1.el9_6.x86_64; kernel-modules-5.14.0-570.58.1.el9_6.x86_64; kernel-modules-core-5.14.0-570.58.1.el9_6.x86_64; kernel-modules-extra-5.14.0-570.58.1.el9_6.x86_64; kernel-rt-5.14.0-570.58.1.el9_6.x86_64; kernel-rt-core-5.14.0-570.58.1.el9_6.x86_64; kernel-rt-debug-5.14.0-570.58.1.el9_6.x86_64; kernel-rt-debug-core-5.14.0-570.58.1.el9_6.x86_64; kernel-rt-debug-debuginfo-5.14.0-570.58.1.el9_6.x86_64; kernel-rt-debug-devel-5.14.0-570.58.1.el9_6.x86_64; kernel-rt-debuginfo-5.14.0-570.58.1.el9_6.x86_64; kernel-rt-debug-kvm-5.14.0-570.58.1.el9_6.x86_64; kernel-rt-debug-modules-5.14.0-570.58.1.el9_6.x86_64; kernel-rt-debug-modules-core-5.14.0-570.58.1.el9_6.x86_64; kernel-rt-debug-modules-extra-5.14.0-570.58.1.el9_6.x86_64; kernel-rt-devel-5.14.0-570.58.1.el9_6.x86_64; kernel-rt-kvm-5.14.0-570.58.1.el9_6.x86_64; kernel-rt-modules-5.14.0-570.58.1.el9_6.x86_64; kernel-rt-modules-core-5.14.0-570.58.1.el9_6.x86_64; kernel-rt-modules-extra-5.14.0-570.58.1.el9_6.x86_64; kernel-tools-5.14.0-570.58.1.el9_6.x86_64; kernel-tools-debuginfo-5.14.0-570.58.1.el9_6.x86_64; kernel-tools-libs-5.14.0-570.58.1.el9_6.x86_64; kernel-tools-libs-devel-5.14.0-570.58.1.el9_6.x86_64; kernel-uki-virt-5.14.0-570.58.1.el9_6.x86_64; kernel-uki-virt-addons-5.14.0-570.58.1.el9_6.x86_64; libperf-5.14.0-570.58.1.el9_6.x86_64; libperf-debuginfo-5.14.0-570.58.1.el9_6.x86_64; perf-5.14.0-570.58.1.el9_6.x86_64; perf-debuginfo-5.14.0-570.58.1.el9_6.x86_64; python3-perf-5.14.0-570.58.1.el9_6.x86_64; python3-perf-debuginfo-5.14.0-570.58.1.el9_6.x86_64","27-10-2025"
"RHSA-2025:19409","03-11-2025","03-11-2025","kernel-5.14.0-570.60.1.el9_6.x86_64; kernel-abi-stablelists-5.14.0-570.60.1.el9_6.noarch; kernel-core-5.14.0-570.60.1.el9_6.x86_64; kernel-cross-headers-5.14.0-570.60.1.el9_6.x86_64; kernel-debug-5.14.0-570.60.1.el9_6.x86_64; kernel-debug-core-5.14.0-570.60.1.el9_6.x86_64; kernel-debug-debuginfo-5.14.0-570.60.1.el9_6.x86_64; kernel-debug-devel-5.14.0-570.60.1.el9_6.x86_64; kernel-debug-devel-matched-5.14.0-570.60.1.el9_6.x86_64; kernel-debuginfo-5.14.0-570.60.1.el9_6.x86_64; kernel-debuginfo-common-x86_64-5.14.0-570.60.1.el9_6.x86_64; kernel-debug-modules-5.14.0-570.60.1.el9_6.x86_64; kernel-debug-modules-core-5.14.0-570.60.1.el9_6.x86_64; kernel-debug-modules-extra-5.14.0-570.60.1.el9_6.x86_64; kernel-debug-uki-virt-5.14.0-570.60.1.el9_6.x86_64; kernel-devel-5.14.0-570.60.1.el9_6.x86_64; kernel-devel-matched-5.14.0-570.60.1.el9_6.x86_64; kernel-doc-5.14.0-570.60.1.el9_6.noarch; kernel-headers-5.14.0-570.60.1.el9_6.x86_64; kernel-modules-5.14.0-570.60.1.el9_6.x86_64; kernel-modules-core-5.14.0-570.60.1.el9_6.x86_64; kernel-modules-extra-5.14.0-570.60.1.el9_6.x86_64; kernel-rt-5.14.0-570.60.1.el9_6.x86_64; kernel-rt-core-5.14.0-570.60.1.el9_6.x86_64; kernel-rt-debug-5.14.0-570.60.1.el9_6.x86_64; kernel-rt-debug-core-5.14.0-570.60.1.el9_6.x86_64; kernel-rt-debug-debuginfo-5.14.0-570.60.1.el9_6.x86_64; kernel-rt-debug-devel-5.14.0-570.60.1.el9_6.x86_64; kernel-rt-debuginfo-5.14.0-570.60.1.el9_6.x86_64; kernel-rt-debug-kvm-5.14.0-570.60.1.el9_6.x86_64; kernel-rt-debug-modules-5.14.0-570.60.1.el9_6.x86_64; kernel-rt-debug-modules-core-5.14.0-570.60.1.el9_6.x86_64; kernel-rt-debug-modules-extra-5.14.0-570.60.1.el9_6.x86_64; kernel-rt-devel-5.14.0-570.60.1.el9_6.x86_64; kernel-rt-kvm-5.14.0-570.60.1.el9_6.x86_64; kernel-rt-modules-5.14.0-570.60.1.el9_6.x86_64; kernel-rt-modules-core-5.14.0-570.60.1.el9_6.x86_64; kernel-rt-modules-extra-5.14.0-570.60.1.el9_6.x86_64; kernel-tools-5.14.0-570.60.1.el9_6.x86_64; kernel-tools-debuginfo-5.14.0-570.60.1.el9_6.x86_64; kernel-tools-libs-5.14.0-570.60.1.el9_6.x86_64; kernel-tools-libs-devel-5.14.0-570.60.1.el9_6.x86_64; kernel-uki-virt-5.14.0-570.60.1.el9_6.x86_64; kernel-uki-virt-addons-5.14.0-570.60.1.el9_6.x86_64; libperf-5.14.0-570.60.1.el9_6.x86_64; libperf-debuginfo-5.14.0-570.60.1.el9_6.x86_64; perf-5.14.0-570.60.1.el9_6.x86_64; perf-debuginfo-5.14.0-570.60.1.el9_6.x86_64; python3-perf-5.14.0-570.60.1.el9_6.x86_64; python3-perf-debuginfo-5.14.0-570.60.1.el9_6.x86_64","03-11-2025"
"RHSA-2025:20518","11-11-2025","11-11-2025","kernel-5.14.0-611.5.1.el9_7.x86_64; kernel-abi-stablelists-5.14.0-611.5.1.el9_7.noarch; kernel-core-5.14.0-611.5.1.el9_7.x86_64; kernel-cross-headers-5.14.0-611.5.1.el9_7.x86_64; kernel-debug-5.14.0-611.5.1.el9_7.x86_64; kernel-debug-core-5.14.0-611.5.1.el9_7.x86_64; kernel-debug-debuginfo-5.14.0-611.5.1.el9_7.x86_64; kernel-debug-devel-5.14.0-611.5.1.el9_7.x86_64; kernel-debug-devel-matched-5.14.0-611.5.1.el9_7.x86_64; kernel-debuginfo-5.14.0-611.5.1.el9_7.x86_64; kernel-debuginfo-common-x86_64-5.14.0-611.5.1.el9_7.x86_64; kernel-debug-modules-5.14.0-611.5.1.el9_7.x86_64; kernel-debug-modules-core-5.14.0-611.5.1.el9_7.x86_64; kernel-debug-modules-extra-5.14.0-611.5.1.el9_7.x86_64; kernel-debug-uki-virt-5.14.0-611.5.1.el9_7.x86_64; kernel-devel-5.14.0-611.5.1.el9_7.x86_64; kernel-devel-matched-5.14.0-611.5.1.el9_7.x86_64; kernel-doc-5.14.0-611.5.1.el9_7.noarch; kernel-headers-5.14.0-611.5.1.el9_7.x86_64; kernel-modules-5.14.0-611.5.1.el9_7.x86_64; kernel-modules-core-5.14.0-611.5.1.el9_7.x86_64; kernel-modules-extra-5.14.0-611.5.1.el9_7.x86_64; kernel-rt-5.14.0-611.5.1.el9_7.x86_64; kernel-rt-core-5.14.0-611.5.1.el9_7.x86_64; kernel-rt-debug-5.14.0-611.5.1.el9_7.x86_64; kernel-rt-debug-core-5.14.0-611.5.1.el9_7.x86_64; kernel-rt-debug-debuginfo-5.14.0-611.5.1.el9_7.x86_64; kernel-rt-debug-devel-5.14.0-611.5.1.el9_7.x86_64; kernel-rt-debuginfo-5.14.0-611.5.1.el9_7.x86_64; kernel-rt-debug-modules-5.14.0-611.5.1.el9_7.x86_64; kernel-rt-debug-modules-core-5.14.0-611.5.1.el9_7.x86_64; kernel-rt-debug-modules-extra-5.14.0-611.5.1.el9_7.x86_64; kernel-rt-devel-5.14.0-611.5.1.el9_7.x86_64; kernel-rt-modules-5.14.0-611.5.1.el9_7.x86_64; kernel-rt-modules-core-5.14.0-611.5.1.el9_7.x86_64; kernel-rt-modules-extra-5.14.0-611.5.1.el9_7.x86_64; kernel-tools-5.14.0-611.5.1.el9_7.x86_64; kernel-tools-debuginfo-5.14.0-611.5.1.el9_7.x86_64; kernel-tools-libs-5.14.0-611.5.1.el9_7.x86_64; kernel-tools-libs-devel-5.14.0-611.5.1.el9_7.x86_64; kernel-uki-virt-5.14.0-611.5.1.el9_7.x86_64; kernel-uki-virt-addons-5.14.0-611.5.1.el9_7.x86_64; libperf-5.14.0-611.5.1.el9_7.x86_64; libperf-debuginfo-5.14.0-611.5.1.el9_7.x86_64; perf-5.14.0-611.5.1.el9_7.x86_64; perf-debuginfo-5.14.0-611.5.1.el9_7.x86_64; python3-perf-5.14.0-611.5.1.el9_7.x86_64; python3-perf-debuginfo-5.14.0-611.5.1.el9_7.x86_64; rtla-5.14.0-611.5.1.el9_7.x86_64; rv-5.14.0-611.5.1.el9_7.x86_64","11-11-2025"
"RHSA-2025:21112","12-11-2025","12-11-2025","kernel-5.14.0-611.7.1.el9_7.x86_64; kernel-abi-stablelists-5.14.0-611.7.1.el9_7.noarch; kernel-core-5.14.0-611.7.1.el9_7.x86_64; kernel-cross-headers-5.14.0-611.7.1.el9_7.x86_64; kernel-debug-5.14.0-611.7.1.el9_7.x86_64; kernel-debug-core-5.14.0-611.7.1.el9_7.x86_64; kernel-debug-debuginfo-5.14.0-611.7.1.el9_7.x86_64; kernel-debug-devel-5.14.0-611.7.1.el9_7.x86_64; kernel-debug-devel-matched-5.14.0-611.7.1.el9_7.x86_64; kernel-debuginfo-5.14.0-611.7.1.el9_7.x86_64; kernel-debuginfo-common-x86_64-5.14.0-611.7.1.el9_7.x86_64; kernel-debug-modules-5.14.0-611.7.1.el9_7.x86_64; kernel-debug-modules-core-5.14.0-611.7.1.el9_7.x86_64; kernel-debug-modules-extra-5.14.0-611.7.1.el9_7.x86_64; kernel-debug-uki-virt-5.14.0-611.7.1.el9_7.x86_64; kernel-devel-5.14.0-611.7.1.el9_7.x86_64; kernel-devel-matched-5.14.0-611.7.1.el9_7.x86_64; kernel-doc-5.14.0-611.7.1.el9_7.noarch; kernel-headers-5.14.0-611.7.1.el9_7.x86_64; kernel-modules-5.14.0-611.7.1.el9_7.x86_64; kernel-modules-core-5.14.0-611.7.1.el9_7.x86_64; kernel-modules-extra-5.14.0-611.7.1.el9_7.x86_64; kernel-rt-5.14.0-611.7.1.el9_7.x86_64; kernel-rt-core-5.14.0-611.7.1.el9_7.x86_64; kernel-rt-debug-5.14.0-611.7.1.el9_7.x86_64; kernel-rt-debug-core-5.14.0-611.7.1.el9_7.x86_64; kernel-rt-debug-debuginfo-5.14.0-611.7.1.el9_7.x86_64; kernel-rt-debug-devel-5.14.0-611.7.1.el9_7.x86_64; kernel-rt-debuginfo-5.14.0-611.7.1.el9_7.x86_64; kernel-rt-debug-modules-5.14.0-611.7.1.el9_7.x86_64; kernel-rt-debug-modules-core-5.14.0-611.7.1.el9_7.x86_64; kernel-rt-debug-modules-extra-5.14.0-611.7.1.el9_7.x86_64; kernel-rt-devel-5.14.0-611.7.1.el9_7.x86_64; kernel-rt-modules-5.14.0-611.7.1.el9_7.x86_64; kernel-rt-modules-core-5.14.0-611.7.1.el9_7.x86_64; kernel-rt-modules-extra-5.14.0-611.7.1.el9_7.x86_64; kernel-tools-5.14.0-611.7.1.el9_7.x86_64; kernel-tools-debuginfo-5.14.0-611.7.1.el9_7.x86_64; kernel-tools-libs-5.14.0-611.7.1.el9_7.x86_64; kernel-tools-libs-devel-5.14.0-611.7.1.el9_7.x86_64; kernel-uki-virt-5.14.0-611.7.1.el9_7.x86_64; kernel-uki-virt-addons-5.14.0-611.7.1.el9_7.x86_64; libperf-5.14.0-611.7.1.el9_7.x86_64; libperf-debuginfo-5.14.0-611.7.1.el9_7.x86_64; perf-5.14.0-611.7.1.el9_7.x86_64; perf-debuginfo-5.14.0-611.7.1.el9_7.x86_64; python3-perf-5.14.0-611.7.1.el9_7.x86_64; python3-perf-debuginfo-5.14.0-611.7.1.el9_7.x86_64; rtla-5.14.0-611.7.1.el9_7.x86_64; rv-5.14.0-611.7.1.el9_7.x86_64","12-11-2025"
"RHSA-2025:21469","17-11-2025","17-11-2025","kernel-5.14.0-611.8.1.el9_7.x86_64; kernel-abi-stablelists-5.14.0-611.8.1.el9_7.noarch; kernel-core-5.14.0-611.8.1.el9_7.x86_64; kernel-cross-headers-5.14.0-611.8.1.el9_7.x86_64; kernel-debug-5.14.0-611.8.1.el9_7.x86_64; kernel-debug-core-5.14.0-611.8.1.el9_7.x86_64; kernel-debug-debuginfo-5.14.0-611.8.1.el9_7.x86_64; kernel-debug-devel-5.14.0-611.8.1.el9_7.x86_64; kernel-debug-devel-matched-5.14.0-611.8.1.el9_7.x86_64; kernel-debuginfo-5.14.0-611.8.1.el9_7.x86_64; kernel-debuginfo-common-x86_64-5.14.0-611.8.1.el9_7.x86_64; kernel-debug-modules-5.14.0-611.8.1.el9_7.x86_64; kernel-debug-modules-core-5.14.0-611.8.1.el9_7.x86_64; kernel-debug-modules-extra-5.14.0-611.8.1.el9_7.x86_64; kernel-debug-uki-virt-5.14.0-611.8.1.el9_7.x86_64; kernel-devel-5.14.0-611.8.1.el9_7.x86_64; kernel-devel-matched-5.14.0-611.8.1.el9_7.x86_64; kernel-doc-5.14.0-611.8.1.el9_7.noarch; kernel-headers-5.14.0-611.8.1.el9_7.x86_64; kernel-modules-5.14.0-611.8.1.el9_7.x86_64; kernel-modules-core-5.14.0-611.8.1.el9_7.x86_64; kernel-modules-extra-5.14.0-611.8.1.el9_7.x86_64; kernel-rt-5.14.0-611.8.1.el9_7.x86_64; kernel-rt-core-5.14.0-611.8.1.el9_7.x86_64; kernel-rt-debug-5.14.0-611.8.1.el9_7.x86_64; kernel-rt-debug-core-5.14.0-611.8.1.el9_7.x86_64; kernel-rt-debug-debuginfo-5.14.0-611.8.1.el9_7.x86_64; kernel-rt-debug-devel-5.14.0-611.8.1.el9_7.x86_64; kernel-rt-debuginfo-5.14.0-611.8.1.el9_7.x86_64; kernel-rt-debug-modules-5.14.0-611.8.1.el9_7.x86_64; kernel-rt-debug-modules-core-5.14.0-611.8.1.el9_7.x86_64; kernel-rt-debug-modules-extra-5.14.0-611.8.1.el9_7.x86_64; kernel-rt-devel-5.14.0-611.8.1.el9_7.x86_64; kernel-rt-modules-5.14.0-611.8.1.el9_7.x86_64; kernel-rt-modules-core-5.14.0-611.8.1.el9_7.x86_64; kernel-rt-modules-extra-5.14.0-611.8.1.el9_7.x86_64; kernel-tools-5.14.0-611.8.1.el9_7.x86_64; kernel-tools-debuginfo-5.14.0-611.8.1.el9_7.x86_64; kernel-tools-libs-5.14.0-611.8.1.el9_7.x86_64; kernel-tools-libs-devel-5.14.0-611.8.1.el9_7.x86_64; kernel-uki-virt-5.14.0-611.8.1.el9_7.x86_64; kernel-uki-virt-addons-5.14.0-611.8.1.el9_7.x86_64; libperf-5.14.0-611.8.1.el9_7.x86_64; libperf-debuginfo-5.14.0-611.8.1.el9_7.x86_64; perf-5.14.0-611.8.1.el9_7.x86_64; perf-debuginfo-5.14.0-611.8.1.el9_7.x86_64; python3-perf-5.14.0-611.8.1.el9_7.x86_64; python3-perf-debuginfo-5.14.0-611.8.1.el9_7.x86_64; rtla-5.14.0-611.8.1.el9_7.x86_64; rv-5.14.0-611.8.1.el9_7.x86_64","17-11-2025"
"RHSA-2025:22405","01-12-2025","01-12-2025","kernel-5.14.0-611.11.1.el9_7.x86_64; kernel-abi-stablelists-5.14.0-611.11.1.el9_7.noarch; kernel-core-5.14.0-611.11.1.el9_7.x86_64; kernel-cross-headers-5.14.0-611.11.1.el9_7.x86_64; kernel-debug-5.14.0-611.11.1.el9_7.x86_64; kernel-debug-core-5.14.0-611.11.1.el9_7.x86_64; kernel-debug-debuginfo-5.14.0-611.11.1.el9_7.x86_64; kernel-debug-devel-5.14.0-611.11.1.el9_7.x86_64; kernel-debug-devel-matched-5.14.0-611.11.1.el9_7.x86_64; kernel-debuginfo-5.14.0-611.11.1.el9_7.x86_64; kernel-debuginfo-common-x86_64-5.14.0-611.11.1.el9_7.x86_64; kernel-debug-modules-5.14.0-611.11.1.el9_7.x86_64; kernel-debug-modules-core-5.14.0-611.11.1.el9_7.x86_64; kernel-debug-modules-extra-5.14.0-611.11.1.el9_7.x86_64; kernel-debug-uki-virt-5.14.0-611.11.1.el9_7.x86_64; kernel-devel-5.14.0-611.11.1.el9_7.x86_64; kernel-devel-matched-5.14.0-611.11.1.el9_7.x86_64; kernel-doc-5.14.0-611.11.1.el9_7.noarch; kernel-headers-5.14.0-611.11.1.el9_7.x86_64; kernel-modules-5.14.0-611.11.1.el9_7.x86_64; kernel-modules-core-5.14.0-611.11.1.el9_7.x86_64; kernel-modules-extra-5.14.0-611.11.1.el9_7.x86_64; kernel-rt-5.14.0-611.11.1.el9_7.x86_64; kernel-rt-core-5.14.0-611.11.1.el9_7.x86_64; kernel-rt-debug-5.14.0-611.11.1.el9_7.x86_64; kernel-rt-debug-core-5.14.0-611.11.1.el9_7.x86_64; kernel-rt-debug-debuginfo-5.14.0-611.11.1.el9_7.x86_64; kernel-rt-debug-devel-5.14.0-611.11.1.el9_7.x86_64; kernel-rt-debuginfo-5.14.0-611.11.1.el9_7.x86_64; kernel-rt-debug-modules-5.14.0-611.11.1.el9_7.x86_64; kernel-rt-debug-modules-core-5.14.0-611.11.1.el9_7.x86_64; kernel-rt-debug-modules-extra-5.14.0-611.11.1.el9_7.x86_64; kernel-rt-devel-5.14.0-611.11.1.el9_7.x86_64; kernel-rt-modules-5.14.0-611.11.1.el9_7.x86_64; kernel-rt-modules-core-5.14.0-611.11.1.el9_7.x86_64; kernel-rt-modules-extra-5.14.0-611.11.1.el9_7.x86_64; kernel-tools-5.14.0-611.11.1.el9_7.x86_64; kernel-tools-debuginfo-5.14.0-611.11.1.el9_7.x86_64; kernel-tools-libs-5.14.0-611.11.1.el9_7.x86_64; kernel-tools-libs-devel-5.14.0-611.11.1.el9_7.x86_64; kernel-uki-virt-5.14.0-611.11.1.el9_7.x86_64; kernel-uki-virt-addons-5.14.0-611.11.1.el9_7.x86_64; libperf-5.14.0-611.11.1.el9_7.x86_64; libperf-debuginfo-5.14.0-611.11.1.el9_7.x86_64; perf-5.14.0-611.11.1.el9_7.x86_64; perf-debuginfo-5.14.0-611.11.1.el9_7.x86_64; python3-perf-5.14.0-611.11.1.el9_7.x86_64; python3-perf-debuginfo-5.14.0-611.11.1.el9_7.x86_64; rtla-5.14.0-611.11.1.el9_7.x86_64; rv-5.14.0-611.11.1.el9_7.x86_64","01-12-2025"
"RHSA-2025:23241","16-12-2025","16-12-2025","kernel-5.14.0-611.16.1.el9_7.x86_64; kernel-abi-stablelists-5.14.0-611.16.1.el9_7.noarch; kernel-core-5.14.0-611.16.1.el9_7.x86_64; kernel-cross-headers-5.14.0-611.16.1.el9_7.x86_64; kernel-debug-5.14.0-611.16.1.el9_7.x86_64; kernel-debug-core-5.14.0-611.16.1.el9_7.x86_64; kernel-debug-debuginfo-5.14.0-611.16.1.el9_7.x86_64; kernel-debug-devel-5.14.0-611.16.1.el9_7.x86_64; kernel-debug-devel-matched-5.14.0-611.16.1.el9_7.x86_64; kernel-debuginfo-5.14.0-611.16.1.el9_7.x86_64; kernel-debuginfo-common-x86_64-5.14.0-611.16.1.el9_7.x86_64; kernel-debug-modules-5.14.0-611.16.1.el9_7.x86_64; kernel-debug-modules-core-5.14.0-611.16.1.el9_7.x86_64; kernel-debug-modules-extra-5.14.0-611.16.1.el9_7.x86_64; kernel-debug-uki-virt-5.14.0-611.16.1.el9_7.x86_64; kernel-devel-5.14.0-611.16.1.el9_7.x86_64; kernel-devel-matched-5.14.0-611.16.1.el9_7.x86_64; kernel-doc-5.14.0-611.16.1.el9_7.noarch; kernel-headers-5.14.0-611.16.1.el9_7.x86_64; kernel-modules-5.14.0-611.16.1.el9_7.x86_64; kernel-modules-core-5.14.0-611.16.1.el9_7.x86_64; kernel-modules-extra-5.14.0-611.16.1.el9_7.x86_64; kernel-rt-5.14.0-611.16.1.el9_7.x86_64; kernel-rt-core-5.14.0-611.16.1.el9_7.x86_64; kernel-rt-debug-5.14.0-611.16.1.el9_7.x86_64; kernel-rt-debug-core-5.14.0-611.16.1.el9_7.x86_64; kernel-rt-debug-debuginfo-5.14.0-611.16.1.el9_7.x86_64; kernel-rt-debug-devel-5.14.0-611.16.1.el9_7.x86_64; kernel-rt-debuginfo-5.14.0-611.16.1.el9_7.x86_64; kernel-rt-debug-modules-5.14.0-611.16.1.el9_7.x86_64; kernel-rt-debug-modules-core-5.14.0-611.16.1.el9_7.x86_64; kernel-rt-debug-modules-extra-5.14.0-611.16.1.el9_7.x86_64; kernel-rt-devel-5.14.0-611.16.1.el9_7.x86_64; kernel-rt-modules-5.14.0-611.16.1.el9_7.x86_64; kernel-rt-modules-core-5.14.0-611.16.1.el9_7.x86_64; kernel-rt-modules-extra-5.14.0-611.16.1.el9_7.x86_64; kernel-tools-5.14.0-611.16.1.el9_7.x86_64; kernel-tools-debuginfo-5.14.0-611.16.1.el9_7.x86_64; kernel-tools-libs-5.14.0-611.16.1.el9_7.x86_64; kernel-tools-libs-devel-5.14.0-611.16.1.el9_7.x86_64; kernel-uki-virt-5.14.0-611.16.1.el9_7.x86_64; kernel-uki-virt-addons-5.14.0-611.16.1.el9_7.x86_64; libperf-5.14.0-611.16.1.el9_7.x86_64; libperf-debuginfo-5.14.0-611.16.1.el9_7.x86_64; perf-5.14.0-611.16.1.el9_7.x86_64; perf-debuginfo-5.14.0-611.16.1.el9_7.x86_64; python3-perf-5.14.0-611.16.1.el9_7.x86_64; python3-perf-debuginfo-5.14.0-611.16.1.el9_7.x86_64; rtla-5.14.0-611.16.1.el9_7.x86_64; rv-5.14.0-611.16.1.el9_7.x86_64","16-12-2025"
"RHSA-2026:0445","12-01-2026","12-01-2026","kernel-5.14.0-611.20.1.el9_7.x86_64; kernel-abi-stablelists-5.14.0-611.20.1.el9_7.noarch; kernel-core-5.14.0-611.20.1.el9_7.x86_64; kernel-cross-headers-5.14.0-611.20.1.el9_7.x86_64; kernel-debug-5.14.0-611.20.1.el9_7.x86_64; kernel-debug-core-5.14.0-611.20.1.el9_7.x86_64; kernel-debug-debuginfo-5.14.0-611.20.1.el9_7.x86_64; kernel-debug-devel-5.14.0-611.20.1.el9_7.x86_64; kernel-debug-devel-matched-5.14.0-611.20.1.el9_7.x86_64; kernel-debuginfo-5.14.0-611.20.1.el9_7.x86_64; kernel-debuginfo-common-x86_64-5.14.0-611.20.1.el9_7.x86_64; kernel-debug-modules-5.14.0-611.20.1.el9_7.x86_64; kernel-debug-modules-core-5.14.0-611.20.1.el9_7.x86_64; kernel-debug-modules-extra-5.14.0-611.20.1.el9_7.x86_64; kernel-debug-uki-virt-5.14.0-611.20.1.el9_7.x86_64; kernel-devel-5.14.0-611.20.1.el9_7.x86_64; kernel-devel-matched-5.14.0-611.20.1.el9_7.x86_64; kernel-doc-5.14.0-611.20.1.el9_7.noarch; kernel-headers-5.14.0-611.20.1.el9_7.x86_64; kernel-modules-5.14.0-611.20.1.el9_7.x86_64; kernel-modules-core-5.14.0-611.20.1.el9_7.x86_64; kernel-modules-extra-5.14.0-611.20.1.el9_7.x86_64; kernel-rt-5.14.0-611.20.1.el9_7.x86_64; kernel-rt-core-5.14.0-611.20.1.el9_7.x86_64; kernel-rt-debug-5.14.0-611.20.1.el9_7.x86_64; kernel-rt-debug-core-5.14.0-611.20.1.el9_7.x86_64; kernel-rt-debug-debuginfo-5.14.0-611.20.1.el9_7.x86_64; kernel-rt-debug-devel-5.14.0-611.20.1.el9_7.x86_64; kernel-rt-debuginfo-5.14.0-611.20.1.el9_7.x86_64; kernel-rt-debug-modules-5.14.0-611.20.1.el9_7.x86_64; kernel-rt-debug-modules-core-5.14.0-611.20.1.el9_7.x86_64; kernel-rt-debug-modules-extra-5.14.0-611.20.1.el9_7.x86_64; kernel-rt-devel-5.14.0-611.20.1.el9_7.x86_64; kernel-rt-modules-5.14.0-611.20.1.el9_7.x86_64; kernel-rt-modules-core-5.14.0-611.20.1.el9_7.x86_64; kernel-rt-modules-extra-5.14.0-611.20.1.el9_7.x86_64; kernel-tools-5.14.0-611.20.1.el9_7.x86_64; kernel-tools-debuginfo-5.14.0-611.20.1.el9_7.x86_64; kernel-tools-libs-5.14.0-611.20.1.el9_7.x86_64; kernel-tools-libs-devel-5.14.0-611.20.1.el9_7.x86_64; kernel-uki-virt-5.14.0-611.20.1.el9_7.x86_64; kernel-uki-virt-addons-5.14.0-611.20.1.el9_7.x86_64; libperf-5.14.0-611.20.1.el9_7.x86_64; libperf-debuginfo-5.14.0-611.20.1.el9_7.x86_64; perf-5.14.0-611.20.1.el9_7.x86_64; perf-debuginfo-5.14.0-611.20.1.el9_7.x86_64; python3-perf-5.14.0-611.20.1.el9_7.x86_64; python3-perf-debuginfo-5.14.0-611.20.1.el9_7.x86_64; rtla-5.14.0-611.20.1.el9_7.x86_64; rv-5.14.0-611.20.1.el9_7.x86_64","12-01-2026"
"RHSA-2026:0793","19-01-2026","19-01-2026","kernel-5.14.0-611.24.1.el9_7.x86_64; kernel-abi-stablelists-5.14.0-611.24.1.el9_7.noarch; kernel-core-5.14.0-611.24.1.el9_7.x86_64; kernel-cross-headers-5.14.0-611.24.1.el9_7.x86_64; kernel-debug-5.14.0-611.24.1.el9_7.x86_64; kernel-debug-core-5.14.0-611.24.1.el9_7.x86_64; kernel-debug-debuginfo-5.14.0-611.24.1.el9_7.x86_64; kernel-debug-devel-5.14.0-611.24.1.el9_7.x86_64; kernel-debug-devel-matched-5.14.0-611.24.1.el9_7.x86_64; kernel-debuginfo-5.14.0-611.24.1.el9_7.x86_64; kernel-debuginfo-common-x86_64-5.14.0-611.24.1.el9_7.x86_64; kernel-debug-modules-5.14.0-611.24.1.el9_7.x86_64; kernel-debug-modules-core-5.14.0-611.24.1.el9_7.x86_64; kernel-debug-modules-extra-5.14.0-611.24.1.el9_7.x86_64; kernel-debug-uki-virt-5.14.0-611.24.1.el9_7.x86_64; kernel-devel-5.14.0-611.24.1.el9_7.x86_64; kernel-devel-matched-5.14.0-611.24.1.el9_7.x86_64; kernel-doc-5.14.0-611.24.1.el9_7.noarch; kernel-headers-5.14.0-611.24.1.el9_7.x86_64; kernel-modules-5.14.0-611.24.1.el9_7.x86_64; kernel-modules-core-5.14.0-611.24.1.el9_7.x86_64; kernel-modules-extra-5.14.0-611.24.1.el9_7.x86_64; kernel-rt-5.14.0-611.24.1.el9_7.x86_64; kernel-rt-core-5.14.0-611.24.1.el9_7.x86_64; kernel-rt-debug-5.14.0-611.24.1.el9_7.x86_64; kernel-rt-debug-core-5.14.0-611.24.1.el9_7.x86_64; kernel-rt-debug-debuginfo-5.14.0-611.24.1.el9_7.x86_64; kernel-rt-debug-devel-5.14.0-611.24.1.el9_7.x86_64; kernel-rt-debuginfo-5.14.0-611.24.1.el9_7.x86_64; kernel-rt-debug-modules-5.14.0-611.24.1.el9_7.x86_64; kernel-rt-debug-modules-core-5.14.0-611.24.1.el9_7.x86_64; kernel-rt-debug-modules-extra-5.14.0-611.24.1.el9_7.x86_64; kernel-rt-devel-5.14.0-611.24.1.el9_7.x86_64; kernel-rt-modules-5.14.0-611.24.1.el9_7.x86_64; kernel-rt-modules-core-5.14.0-611.24.1.el9_7.x86_64; kernel-rt-modules-extra-5.14.0-611.24.1.el9_7.x86_64; kernel-tools-5.14.0-611.24.1.el9_7.x86_64; kernel-tools-debuginfo-5.14.0-611.24.1.el9_7.x86_64; kernel-tools-libs-5.14.0-611.24.1.el9_7.x86_64; kernel-tools-libs-devel-5.14.0-611.24.1.el9_7.x86_64; kernel-uki-virt-5.14.0-611.24.1.el9_7.x86_64; kernel-uki-virt-addons-5.14.0-611.24.1.el9_7.x86_64; libperf-5.14.0-611.24.1.el9_7.x86_64; libperf-debuginfo-5.14.0-611.24.1.el9_7.x86_64; perf-5.14.0-611.24.1.el9_7.x86_64; perf-debuginfo-5.14.0-611.24.1.el9_7.x86_64; python3-perf-5.14.0-611.24.1.el9_7.x86_64; python3-perf-debuginfo-5.14.0-611.24.1.el9_7.x86_64; rtla-5.14.0-611.24.1.el9_7.x86_64; rv-5.14.0-611.24.1.el9_7.x86_64","19-01-2026"
"RHSA-2026:1143","26-01-2026","26-01-2026","kernel-5.14.0-611.26.1.el9_7.x86_64; kernel-abi-stablelists-5.14.0-611.26.1.el9_7.noarch; kernel-core-5.14.0-611.26.1.el9_7.x86_64; kernel-cross-headers-5.14.0-611.26.1.el9_7.x86_64; kernel-debug-5.14.0-611.26.1.el9_7.x86_64; kernel-debug-core-5.14.0-611.26.1.el9_7.x86_64; kernel-debug-debuginfo-5.14.0-611.26.1.el9_7.x86_64; kernel-debug-devel-5.14.0-611.26.1.el9_7.x86_64; kernel-debug-devel-matched-5.14.0-611.26.1.el9_7.x86_64; kernel-debuginfo-5.14.0-611.26.1.el9_7.x86_64; kernel-debuginfo-common-x86_64-5.14.0-611.26.1.el9_7.x86_64; kernel-debug-modules-5.14.0-611.26.1.el9_7.x86_64; kernel-debug-modules-core-5.14.0-611.26.1.el9_7.x86_64; kernel-debug-modules-extra-5.14.0-611.26.1.el9_7.x86_64; kernel-debug-uki-virt-5.14.0-611.26.1.el9_7.x86_64; kernel-devel-5.14.0-611.26.1.el9_7.x86_64; kernel-devel-matched-5.14.0-611.26.1.el9_7.x86_64; kernel-doc-5.14.0-611.26.1.el9_7.noarch; kernel-headers-5.14.0-611.26.1.el9_7.x86_64; kernel-modules-5.14.0-611.26.1.el9_7.x86_64; kernel-modules-core-5.14.0-611.26.1.el9_7.x86_64; kernel-modules-extra-5.14.0-611.26.1.el9_7.x86_64; kernel-rt-5.14.0-611.26.1.el9_7.x86_64; kernel-rt-core-5.14.0-611.26.1.el9_7.x86_64; kernel-rt-debug-5.14.0-611.26.1.el9_7.x86_64; kernel-rt-debug-core-5.14.0-611.26.1.el9_7.x86_64; kernel-rt-debug-debuginfo-5.14.0-611.26.1.el9_7.x86_64; kernel-rt-debug-devel-5.14.0-611.26.1.el9_7.x86_64; kernel-rt-debuginfo-5.14.0-611.26.1.el9_7.x86_64; kernel-rt-debug-modules-5.14.0-611.26.1.el9_7.x86_64; kernel-rt-debug-modules-core-5.14.0-611.26.1.el9_7.x86_64; kernel-rt-debug-modules-extra-5.14.0-611.26.1.el9_7.x86_64; kernel-rt-devel-5.14.0-611.26.1.el9_7.x86_64; kernel-rt-modules-5.14.0-611.26.1.el9_7.x86_64; kernel-rt-modules-core-5.14.0-611.26.1.el9_7.x86_64; kernel-rt-modules-extra-5.14.0-611.26.1.el9_7.x86_64; kernel-tools-5.14.0-611.26.1.el9_7.x86_64; kernel-tools-debuginfo-5.14.0-611.26.1.el9_7.x86_64; kernel-tools-libs-5.14.0-611.26.1.el9_7.x86_64; kernel-tools-libs-devel-5.14.0-611.26.1.el9_7.x86_64; kernel-uki-virt-5.14.0-611.26.1.el9_7.x86_64; kernel-uki-virt-addons-5.14.0-611.26.1.el9_7.x86_64; libperf-5.14.0-611.26.1.el9_7.x86_64; libperf-debuginfo-5.14.0-611.26.1.el9_7.x86_64; perf-5.14.0-611.26.1.el9_7.x86_64; perf-debuginfo-5.14.0-611.26.1.el9_7.x86_64; python3-perf-5.14.0-611.26.1.el9_7.x86_64; python3-perf-debuginfo-5.14.0-611.26.1.el9_7.x86_64; rtla-5.14.0-611.26.1.el9_7.x86_64; rv-5.14.0-611.26.1.el9_7.x86_64","26-01-2026"
"RHSA-2026:1617","N/A","N/A","kernel-5.14.0-611.27.1.el9_7.x86_64; kernel-abi-stablelists-5.14.0-611.27.1.el9_7.noarch; kernel-core-5.14.0-611.27.1.el9_7.x86_64; kernel-cross-headers-5.14.0-611.27.1.el9_7.x86_64; kernel-debug-5.14.0-611.27.1.el9_7.x86_64; kernel-debug-core-5.14.0-611.27.1.el9_7.x86_64; kernel-debug-debuginfo-5.14.0-611.27.1.el9_7.x86_64; kernel-debug-devel-5.14.0-611.27.1.el9_7.x86_64; kernel-debug-devel-matched-5.14.0-611.27.1.el9_7.x86_64; kernel-debuginfo-5.14.0-611.27.1.el9_7.x86_64; kernel-debuginfo-common-x86_64-5.14.0-611.27.1.el9_7.x86_64; kernel-debug-modules-5.14.0-611.27.1.el9_7.x86_64; kernel-debug-modules-core-5.14.0-611.27.1.el9_7.x86_64; kernel-debug-modules-extra-5.14.0-611.27.1.el9_7.x86_64; kernel-debug-uki-virt-5.14.0-611.27.1.el9_7.x86_64; kernel-devel-5.14.0-611.27.1.el9_7.x86_64; kernel-devel-matched-5.14.0-611.27.1.el9_7.x86_64; kernel-doc-5.14.0-611.27.1.el9_7.noarch; kernel-headers-5.14.0-611.27.1.el9_7.x86_64; kernel-modules-5.14.0-611.27.1.el9_7.x86_64; kernel-modules-core-5.14.0-611.27.1.el9_7.x86_64; kernel-modules-extra-5.14.0-611.27.1.el9_7.x86_64; kernel-rt-5.14.0-611.27.1.el9_7.x86_64; kernel-rt-core-5.14.0-611.27.1.el9_7.x86_64; kernel-rt-debug-5.14.0-611.27.1.el9_7.x86_64; kernel-rt-debug-core-5.14.0-611.27.1.el9_7.x86_64; kernel-rt-debug-debuginfo-5.14.0-611.27.1.el9_7.x86_64; kernel-rt-debug-devel-5.14.0-611.27.1.el9_7.x86_64; kernel-rt-debuginfo-5.14.0-611.27.1.el9_7.x86_64; kernel-rt-debug-modules-5.14.0-611.27.1.el9_7.x86_64; kernel-rt-debug-modules-core-5.14.0-611.27.1.el9_7.x86_64; kernel-rt-debug-modules-extra-5.14.0-611.27.1.el9_7.x86_64; kernel-rt-devel-5.14.0-611.27.1.el9_7.x86_64; kernel-rt-modules-5.14.0-611.27.1.el9_7.x86_64; kernel-rt-modules-core-5.14.0-611.27.1.el9_7.x86_64; kernel-rt-modules-extra-5.14.0-611.27.1.el9_7.x86_64; kernel-tools-5.14.0-611.27.1.el9_7.x86_64; kernel-tools-debuginfo-5.14.0-611.27.1.el9_7.x86_64; kernel-tools-libs-5.14.0-611.27.1.el9_7.x86_64; kernel-tools-libs-devel-5.14.0-611.27.1.el9_7.x86_64; kernel-uki-virt-5.14.0-611.27.1.el9_7.x86_64; kernel-uki-virt-addons-5.14.0-611.27.1.el9_7.x86_64; libperf-5.14.0-611.27.1.el9_7.x86_64; libperf-debuginfo-5.14.0-611.27.1.el9_7.x86_64; perf-5.14.0-611.27.1.el9_7.x86_64; perf-debuginfo-5.14.0-611.27.1.el9_7.x86_64; python3-perf-5.14.0-611.27.1.el9_7.x86_64; python3-perf-debuginfo-5.14.0-611.27.1.el9_7.x86_64; rtla-5.14.0-611.27.1.el9_7.x86_64; rv-5.14.0-611.27.1.el9_7.x86_64","N/A"
"RHSA-2026:2212","09-02-2026","09-02-2026","kernel-5.14.0-611.30.1.el9_7.x86_64; kernel-abi-stablelists-5.14.0-611.30.1.el9_7.noarch; kernel-core-5.14.0-611.30.1.el9_7.x86_64; kernel-cross-headers-5.14.0-611.30.1.el9_7.x86_64; kernel-debug-5.14.0-611.30.1.el9_7.x86_64; kernel-debug-core-5.14.0-611.30.1.el9_7.x86_64; kernel-debug-debuginfo-5.14.0-611.30.1.el9_7.x86_64; kernel-debug-devel-5.14.0-611.30.1.el9_7.x86_64; kernel-debug-devel-matched-5.14.0-611.30.1.el9_7.x86_64; kernel-debuginfo-5.14.0-611.30.1.el9_7.x86_64; kernel-debuginfo-common-x86_64-5.14.0-611.30.1.el9_7.x86_64; kernel-debug-modules-5.14.0-611.30.1.el9_7.x86_64; kernel-debug-modules-core-5.14.0-611.30.1.el9_7.x86_64; kernel-debug-modules-extra-5.14.0-611.30.1.el9_7.x86_64; kernel-debug-uki-virt-5.14.0-611.30.1.el9_7.x86_64; kernel-devel-5.14.0-611.30.1.el9_7.x86_64; kernel-devel-matched-5.14.0-611.30.1.el9_7.x86_64; kernel-doc-5.14.0-611.30.1.el9_7.noarch; kernel-headers-5.14.0-611.30.1.el9_7.x86_64; kernel-modules-5.14.0-611.30.1.el9_7.x86_64; kernel-modules-core-5.14.0-611.30.1.el9_7.x86_64; kernel-modules-extra-5.14.0-611.30.1.el9_7.x86_64; kernel-rt-5.14.0-611.30.1.el9_7.x86_64; kernel-rt-core-5.14.0-611.30.1.el9_7.x86_64; kernel-rt-debug-5.14.0-611.30.1.el9_7.x86_64; kernel-rt-debug-core-5.14.0-611.30.1.el9_7.x86_64; kernel-rt-debug-debuginfo-5.14.0-611.30.1.el9_7.x86_64; kernel-rt-debug-devel-5.14.0-611.30.1.el9_7.x86_64; kernel-rt-debuginfo-5.14.0-611.30.1.el9_7.x86_64; kernel-rt-debug-modules-5.14.0-611.30.1.el9_7.x86_64; kernel-rt-debug-modules-core-5.14.0-611.30.1.el9_7.x86_64; kernel-rt-debug-modules-extra-5.14.0-611.30.1.el9_7.x86_64; kernel-rt-devel-5.14.0-611.30.1.el9_7.x86_64; kernel-rt-modules-5.14.0-611.30.1.el9_7.x86_64; kernel-rt-modules-core-5.14.0-611.30.1.el9_7.x86_64; kernel-rt-modules-extra-5.14.0-611.30.1.el9_7.x86_64; kernel-tools-5.14.0-611.30.1.el9_7.x86_64; kernel-tools-debuginfo-5.14.0-611.30.1.el9_7.x86_64; kernel-tools-libs-5.14.0-611.30.1.el9_7.x86_64; kernel-tools-libs-devel-5.14.0-611.30.1.el9_7.x86_64; kernel-uki-virt-5.14.0-611.30.1.el9_7.x86_64; kernel-uki-virt-addons-5.14.0-611.30.1.el9_7.x86_64; libperf-5.14.0-611.30.1.el9_7.x86_64; libperf-debuginfo-5.14.0-611.30.1.el9_7.x86_64; perf-5.14.0-611.30.1.el9_7.x86_64; perf-debuginfo-5.14.0-611.30.1.el9_7.x86_64; python3-perf-5.14.0-611.30.1.el9_7.x86_64; python3-perf-debuginfo-5.14.0-611.30.1.el9_7.x86_64; rtla-5.14.0-611.30.1.el9_7.x86_64; rv-5.14.0-611.30.1.el9_7.x86_64","09-02-2026"
"RHSA-2026:2722","16-02-2026","16-02-2026","kernel-5.14.0-611.34.1.el9_7.x86_64; kernel-abi-stablelists-5.14.0-611.34.1.el9_7.noarch; kernel-core-5.14.0-611.34.1.el9_7.x86_64; kernel-cross-headers-5.14.0-611.34.1.el9_7.x86_64; kernel-debug-5.14.0-611.34.1.el9_7.x86_64; kernel-debug-core-5.14.0-611.34.1.el9_7.x86_64; kernel-debug-debuginfo-5.14.0-611.34.1.el9_7.x86_64; kernel-debug-devel-5.14.0-611.34.1.el9_7.x86_64; kernel-debug-devel-matched-5.14.0-611.34.1.el9_7.x86_64; kernel-debuginfo-5.14.0-611.34.1.el9_7.x86_64; kernel-debuginfo-common-x86_64-5.14.0-611.34.1.el9_7.x86_64; kernel-debug-modules-5.14.0-611.34.1.el9_7.x86_64; kernel-debug-modules-core-5.14.0-611.34.1.el9_7.x86_64; kernel-debug-modules-extra-5.14.0-611.34.1.el9_7.x86_64; kernel-debug-uki-virt-5.14.0-611.34.1.el9_7.x86_64; kernel-devel-5.14.0-611.34.1.el9_7.x86_64; kernel-devel-matched-5.14.0-611.34.1.el9_7.x86_64; kernel-doc-5.14.0-611.34.1.el9_7.noarch; kernel-headers-5.14.0-611.34.1.el9_7.x86_64; kernel-modules-5.14.0-611.34.1.el9_7.x86_64; kernel-modules-core-5.14.0-611.34.1.el9_7.x86_64; kernel-modules-extra-5.14.0-611.34.1.el9_7.x86_64; kernel-rt-5.14.0-611.34.1.el9_7.x86_64; kernel-rt-core-5.14.0-611.34.1.el9_7.x86_64; kernel-rt-debug-5.14.0-611.34.1.el9_7.x86_64; kernel-rt-debug-core-5.14.0-611.34.1.el9_7.x86_64; kernel-rt-debug-debuginfo-5.14.0-611.34.1.el9_7.x86_64; kernel-rt-debug-devel-5.14.0-611.34.1.el9_7.x86_64; kernel-rt-debuginfo-5.14.0-611.34.1.el9_7.x86_64; kernel-rt-debug-modules-5.14.0-611.34.1.el9_7.x86_64; kernel-rt-debug-modules-core-5.14.0-611.34.1.el9_7.x86_64; kernel-rt-debug-modules-extra-5.14.0-611.34.1.el9_7.x86_64; kernel-rt-devel-5.14.0-611.34.1.el9_7.x86_64; kernel-rt-modules-5.14.0-611.34.1.el9_7.x86_64; kernel-rt-modules-core-5.14.0-611.34.1.el9_7.x86_64; kernel-rt-modules-extra-5.14.0-611.34.1.el9_7.x86_64; kernel-tools-5.14.0-611.34.1.el9_7.x86_64; kernel-tools-debuginfo-5.14.0-611.34.1.el9_7.x86_64; kernel-tools-libs-5.14.0-611.34.1.el9_7.x86_64; kernel-tools-libs-devel-5.14.0-611.34.1.el9_7.x86_64; kernel-uki-virt-5.14.0-611.34.1.el9_7.x86_64; kernel-uki-virt-addons-5.14.0-611.34.1.el9_7.x86_64; libperf-5.14.0-611.34.1.el9_7.x86_64; libperf-debuginfo-5.14.0-611.34.1.el9_7.x86_64; perf-5.14.0-611.34.1.el9_7.x86_64; perf-debuginfo-5.14.0-611.34.1.el9_7.x86_64; python3-perf-5.14.0-611.34.1.el9_7.x86_64; python3-perf-debuginfo-5.14.0-611.34.1.el9_7.x86_64; rtla-5.14.0-611.34.1.el9_7.x86_64; rv-5.14.0-611.34.1.el9_7.x86_64","16-02-2026"
"RHSA-2026:3066","23-02-2026","23-02-2026","kernel-5.14.0-611.35.1.el9_7.x86_64; kernel-abi-stablelists-5.14.0-611.35.1.el9_7.noarch; kernel-core-5.14.0-611.35.1.el9_7.x86_64; kernel-cross-headers-5.14.0-611.35.1.el9_7.x86_64; kernel-debug-5.14.0-611.35.1.el9_7.x86_64; kernel-debug-core-5.14.0-611.35.1.el9_7.x86_64; kernel-debug-debuginfo-5.14.0-611.35.1.el9_7.x86_64; kernel-debug-devel-5.14.0-611.35.1.el9_7.x86_64; kernel-debug-devel-matched-5.14.0-611.35.1.el9_7.x86_64; kernel-debuginfo-5.14.0-611.35.1.el9_7.x86_64; kernel-debuginfo-common-x86_64-5.14.0-611.35.1.el9_7.x86_64; kernel-debug-modules-5.14.0-611.35.1.el9_7.x86_64; kernel-debug-modules-core-5.14.0-611.35.1.el9_7.x86_64; kernel-debug-modules-extra-5.14.0-611.35.1.el9_7.x86_64; kernel-debug-uki-virt-5.14.0-611.35.1.el9_7.x86_64; kernel-devel-5.14.0-611.35.1.el9_7.x86_64; kernel-devel-matched-5.14.0-611.35.1.el9_7.x86_64; kernel-doc-5.14.0-611.35.1.el9_7.noarch; kernel-headers-5.14.0-611.35.1.el9_7.x86_64; kernel-modules-5.14.0-611.35.1.el9_7.x86_64; kernel-modules-core-5.14.0-611.35.1.el9_7.x86_64; kernel-modules-extra-5.14.0-611.35.1.el9_7.x86_64; kernel-rt-5.14.0-611.35.1.el9_7.x86_64; kernel-rt-core-5.14.0-611.35.1.el9_7.x86_64; kernel-rt-debug-5.14.0-611.35.1.el9_7.x86_64; kernel-rt-debug-core-5.14.0-611.35.1.el9_7.x86_64; kernel-rt-debug-debuginfo-5.14.0-611.35.1.el9_7.x86_64; kernel-rt-debug-devel-5.14.0-611.35.1.el9_7.x86_64; kernel-rt-debuginfo-5.14.0-611.35.1.el9_7.x86_64; kernel-rt-debug-modules-5.14.0-611.35.1.el9_7.x86_64; kernel-rt-debug-modules-core-5.14.0-611.35.1.el9_7.x86_64; kernel-rt-debug-modules-extra-5.14.0-611.35.1.el9_7.x86_64; kernel-rt-devel-5.14.0-611.35.1.el9_7.x86_64; kernel-rt-modules-5.14.0-611.35.1.el9_7.x86_64; kernel-rt-modules-core-5.14.0-611.35.1.el9_7.x86_64; kernel-rt-modules-extra-5.14.0-611.35.1.el9_7.x86_64; kernel-tools-5.14.0-611.35.1.el9_7.x86_64; kernel-tools-debuginfo-5.14.0-611.35.1.el9_7.x86_64; kernel-tools-libs-5.14.0-611.35.1.el9_7.x86_64; kernel-tools-libs-devel-5.14.0-611.35.1.el9_7.x86_64; kernel-uki-virt-5.14.0-611.35.1.el9_7.x86_64; kernel-uki-virt-addons-5.14.0-611.35.1.el9_7.x86_64; libperf-5.14.0-611.35.1.el9_7.x86_64; libperf-debuginfo-5.14.0-611.35.1.el9_7.x86_64; perf-5.14.0-611.35.1.el9_7.x86_64; perf-debuginfo-5.14.0-611.35.1.el9_7.x86_64; python3-perf-5.14.0-611.35.1.el9_7.x86_64; python3-perf-debuginfo-5.14.0-611.35.1.el9_7.x86_64; rtla-5.14.0-611.35.1.el9_7.x86_64; rv-5.14.0-611.35.1.el9_7.x86_64","23-02-2026"
"RHSA-2026:2216","09-02-2026","09-02-2026","libsoup-2.72.0-12.el9_7.5.x86_64; libsoup-debuginfo-2.72.0-12.el9_7.5.x86_64; libsoup-debugsource-2.72.0-12.el9_7.5.x86_64; libsoup-devel-2.72.0-12.el9_7.5.x86_64","09-02-2026"
"RHSA-2026:0696","15-01-2026","15-01-2026","net-snmp-5.9.1-17.el9_7.1.x86_64; net-snmp-agent-libs-5.9.1-17.el9_7.1.x86_64; net-snmp-agent-libs-debuginfo-5.9.1-17.el9_7.1.x86_64; net-snmp-debuginfo-5.9.1-17.el9_7.1.x86_64; net-snmp-debugsource-5.9.1-17.el9_7.1.x86_64; net-snmp-devel-5.9.1-17.el9_7.1.x86_64; net-snmp-libs-5.9.1-17.el9_7.1.x86_64; net-snmp-libs-debuginfo-5.9.1-17.el9_7.1.x86_64; net-snmp-perl-5.9.1-17.el9_7.1.x86_64; net-snmp-perl-debuginfo-5.9.1-17.el9_7.1.x86_64; net-snmp-utils-5.9.1-17.el9_7.1.x86_64; net-snmp-utils-debuginfo-5.9.1-17.el9_7.1.x86_64; python3-net-snmp-5.9.1-17.el9_7.1.x86_64; python3-net-snmp-debuginfo-5.9.1-17.el9_7.1.x86_64","15-01-2026"
"RHSA-2026:1473","28-01-2026","28-01-2026","openssl-3.5.1-7.el9_7.x86_64; openssl-debuginfo-3.5.1-7.el9_7.x86_64; openssl-debugsource-3.5.1-7.el9_7.x86_64; openssl-devel-3.5.1-7.el9_7.x86_64; openssl-libs-3.5.1-7.el9_7.x86_64; openssl-libs-debuginfo-3.5.1-7.el9_7.x86_64; openssl-perl-3.5.1-7.el9_7.x86_64","28-01-2026"
"RHSA-2026:3337","25-02-2026","25-02-2026","podman-5.6.0-14.el9_7.x86_64; podman-debuginfo-5.6.0-14.el9_7.x86_64; podman-debugsource-5.6.0-14.el9_7.x86_64; podman-docker-5.6.0-14.el9_7.noarch; podman-plugins-5.6.0-14.el9_7.x86_64; podman-plugins-debuginfo-5.6.0-14.el9_7.x86_64; podman-remote-5.6.0-14.el9_7.x86_64; podman-remote-debuginfo-5.6.0-14.el9_7.x86_64; podman-tests-5.6.0-14.el9_7.x86_64; podman-tests-debuginfo-5.6.0-14.el9_7.x86_64","25-02-2026"
"RHSA-2026:1408","27-01-2026","27-01-2026","python3.12-3.12.12-4.el9_7.x86_64; python3.12-debug-3.12.12-4.el9_7.x86_64; python3.12-debuginfo-3.12.12-4.el9_7.x86_64; python3.12-debugsource-3.12.12-4.el9_7.x86_64; python3.12-devel-3.12.12-4.el9_7.x86_64; python3.12-idle-3.12.12-4.el9_7.x86_64; python3.12-libs-3.12.12-4.el9_7.x86_64; python3.12-test-3.12.12-4.el9_7.x86_64; python3.12-tkinter-3.12.12-4.el9_7.x86_64","27-01-2026"
"RHSA-2026:3359","25-02-2026","25-02-2026","python3-pyasn1-0.4.8-7.el9_7.noarch; python3-pyasn1-modules-0.4.8-7.el9_7.noarch","25-02-2026"
"RHSA-2026:1087","26-01-2026","26-01-2026","python3-urllib3-1.26.5-6.el9_7.1.noarch","26-01-2026"
